year,country,multiaffsize,multiaffshare,foreignaffshare
1996,Argentina,3758,9.127195316657795,27.988338192419825
1996,Australia,20217,10.263639511302369,35.08433734939759
1996,Austria,5967,7.876654935478465,45.95744680851064
1996,Belgium,9526,8.49254671425572,53.27564894932016
1996,Canada,37537,13.304206516237313,32.278734481377654
1996,Chile,1404,6.054131054131054,58.82352941176471
1996,China,21325,5.1582649472450175,40.18181818181818
1996,Czechia,2803,6.0649304316803425,50.588235294117645
1996,Denmark,6860,10.393586005830905,38.99018232819074
1996,Estonia,424,3.5377358490566038,46.666666666666664
1996,Finland,7137,10.606697491943393,34.34610303830912
1996,France,51128,7.995618838992333,39.26125244618395
1996,Germany,58102,8.12364462496988,52.478813559322035
1996,Greece,4608,6.792534722222222,35.78274760383386
1996,Hungary,3021,4.634227077126779,65.71428571428571
1996,Ireland,2281,7.321350284962735,57.48502994011976
1996,Israel,9512,11.501261564339782,28.70201096892139
1996,Italy,42306,6.244977071810145,31.22634367903104
1996,Japan,91534,6.010881202613237,22.500908760450745
1996,Lithuania,339,6.784660766961652,52.17391304347826
1996,Mexico,4034,6.7922657411998015,41.97080291970803
1996,Netherlands,21739,9.462256773540641,39.91249392318911
1996,New Zealand,3703,7.156359708344586,49.81132075471698
1996,Norway,4488,8.533868092691623,37.33681462140992
1996,Poland,6862,3.8764208685514423,60.526315789473685
1996,Portugal,2212,9.538878842676311,37.44075829383886
1996,Romania,976,3.3811475409836067,93.93939393939394
1996,Russia,14678,4.380705818231367,73.09486780715396
1996,Singapore,2015,5.6575682382134,58.77192982456141
1996,Slovakia,1252,4.952076677316294,77.41935483870968
1996,Slovenia,890,5.617977528089887,46.0
1996,South Africa,3014,8.858659588586596,51.31086142322098
1996,South Korea,10348,5.073444143795903,34.095238095238095
1996,Spain,25161,5.186598306903542,43.60153256704981
1996,Sweden,14604,10.353327855382087,48.34656084656085
1996,Switzerland,12819,10.117793899680162,69.236700077101
1996,Taiwan,9679,6.663911561111685,27.596899224806204
1996,Turkey,5008,3.4544728434504792,38.15028901734104
1996,United Kingdom,73896,9.92069936126448,38.64411403628427
1996,United States,330965,12.346924901424622,19.655442443226313
1997,Argentina,4667,6.985215341761303,22.392638036809817
1997,Australia,21425,10.604434072345391,37.191901408450704
1997,Austria,6374,7.5462817696893625,52.5987525987526
1997,Belgium,9949,8.734546185546286,53.855005753739924
1997,Canada,37502,13.487280678363819,32.819296164491895
1997,Chile,1687,5.038529934795495,60.0
1997,China,23630,4.900550148116801,36.87392055267703
1997,Czechia,3139,6.307741318891366,54.04040404040404
1997,Denmark,7475,10.394648829431437,38.48133848133848
1997,Estonia,462,5.844155844155844,66.66666666666666
1997,Finland,7693,10.568048875601196,31.980319803198032
1997,France,55246,8.348115700684213,38.18300086730269
1997,Germany,63009,8.000444380961449,50.98194802618528
1997,Greece,5091,6.265959536436849,38.87147335423197
1997,Hungary,3324,5.565583634175693,58.37837837837838
1997,Ireland,2574,6.7987567987567985,58.285714285714285
1997,Israel,10180,11.719056974459725,31.34953897736798
1997,Italy,43654,6.301828011178816,29.37113776808433
1997,Japan,97264,6.157468333607501,24.261145433294374
1997,Lithuania,368,5.163043478260869,68.42105263157895
1997,Mexico,4866,6.103575832305795,45.79124579124579
1997,Netherlands,22335,9.858965748824716,40.281562216167124
1997,New Zealand,4068,8.259587020648967,52.38095238095239
1997,Norway,4677,9.108402822322,31.690140845070424
1997,Poland,7617,4.581856373900486,60.458452722063036
1997,Portugal,2527,8.824693312227938,36.771300448430495
1997,Romania,1143,3.849518810148731,79.54545454545455
1997,Russia,15135,4.149322761810374,74.20382165605095
1997,Singapore,2442,6.306306306306306,52.5974025974026
1997,Slovakia,1301,3.996925441967717,61.53846153846154
1997,Slovenia,952,6.092436974789916,41.37931034482759
1997,South Africa,3357,8.757819481680071,42.857142857142854
1997,South Korea,13132,5.048735912275358,32.42835595776772
1997,Spain,26279,5.863997869020891,43.02401038286827
1997,Sweden,15524,10.351713475908271,45.301804604853764
1997,Switzerland,13628,9.737305547402407,65.10926902788245
1997,Taiwan,10391,7.429506303531902,22.150259067357513
1997,Turkey,5567,3.3770432908209087,33.51063829787234
1997,United Kingdom,75619,9.320408891945146,38.7627695800227
1997,United States,329748,12.503790773560416,19.827314399359704
1998,Argentina,4550,8.373626373626374,22.04724409448819
1998,Australia,22494,10.811772028096382,34.62171052631579
1998,Austria,6583,8.294090840042534,45.97069597069597
1998,Belgium,10810,8.43663274745606,48.57456140350877
1998,Canada,37346,12.852782091790285,31.270833333333332
1998,Chile,1627,4.7326367547633685,51.94805194805194
1998,China,26938,5.026356819362982,38.77400295420975
1998,Czechia,3287,6.327958624885914,41.34615384615385
1998,Denmark,7630,10.065530799475754,40.10416666666667
1998,Estonia,523,8.030592734225621,54.761904761904766
1998,Finland,8130,11.402214022140221,35.92233009708738
1998,France,57140,8.76618830941547,37.15312437612298
1998,Germany,66337,8.04076156594359,52.155980502437195
1998,Greece,5506,6.411187795132582,35.977337110481585
1998,Hungary,3713,6.086722326959332,55.309734513274336
1998,Ireland,2765,7.233273056057866,61.5
1998,Israel,10442,11.721892357785865,28.513071895424837
1998,Italy,44160,6.546648550724638,29.885852646143203
1998,Japan,101126,6.18436406067678,22.08186760473297
1998,Lithuania,409,6.112469437652812,56.00000000000001
1998,Mexico,4996,6.5852682145716575,44.07294832826747
1998,Netherlands,23019,9.483470176810462,36.646816307833255
1998,New Zealand,4189,8.426832179517785,53.25779036827195
1998,Norway,5077,9.11955879456372,27.213822894168466
1998,Poland,7915,4.548325963360708,58.333333333333336
1998,Portugal,2840,9.084507042253522,26.744186046511626
1998,Romania,1015,4.827586206896552,83.6734693877551
1998,Russia,16164,4.219252660232615,74.48680351906158
1998,Singapore,2603,8.374951978486362,60.09174311926605
1998,Slovakia,1384,4.407514450867052,62.295081967213115
1998,Slovenia,1034,6.673114119922631,34.78260869565217
1998,South Africa,3407,8.306427942471382,50.8833922261484
1998,South Korea,15071,5.0162563864375285,33.46560846560847
1998,Spain,28007,5.320098546791874,41.006711409395976
1998,Sweden,16041,10.342247989526838,44.18324291742014
1998,Switzerland,14027,10.052042489484565,68.22695035460993
1998,Taiwan,10937,7.497485599341684,21.341463414634145
1998,Turkey,5903,2.9815348128070474,40.909090909090914
1998,United Kingdom,78882,8.996982835120813,39.70691841623221
1998,United States,329914,12.380196051092103,19.4349231221232
1999,Argentina,4681,8.011108737449263,25.866666666666667
1999,Australia,22661,10.401129694188253,34.06873143826898
1999,Austria,6961,8.23157592299957,50.78534031413613
1999,Belgium,10817,8.569843764444855,47.14131607335491
1999,Canada,37178,12.972725805583948,31.536388140161726
1999,Chile,1805,5.706371191135734,54.36893203883495
1999,China,29725,5.096719932716569,35.31353135313531
1999,Czechia,3619,6.935617573915446,47.410358565737056
1999,Denmark,7809,10.820847739787425,42.01183431952663
1999,Estonia,573,7.678883071553229,65.9090909090909
1999,Finland,8465,11.966922622563498,29.417571569595264
1999,France,57017,9.27091919953698,36.30344305713204
1999,Germany,67459,8.486636327250627,52.62882096069868
1999,Greece,5555,6.498649864986499,32.96398891966759
1999,Hungary,3644,7.025246981339188,51.5625
1999,Ireland,2774,7.101658255227108,55.32994923857868
1999,Israel,10686,11.85663484933558,28.176795580110497
1999,Italy,44168,7.285817786632856,27.59477936606588
1999,Japan,103782,6.640843306160991,20.69065583284968
1999,Lithuania,410,9.512195121951219,38.46153846153847
1999,Mexico,5294,6.441254250094447,43.988269794721404
1999,Netherlands,22379,10.013852272219491,36.59080767514503
1999,New Zealand,4568,6.436077057793345,53.06122448979592
1999,Norway,5075,9.517241379310343,34.161490683229815
1999,Poland,8467,4.913192394000236,54.32692307692307
1999,Portugal,3287,10.435047155460907,27.988338192419825
1999,Romania,1175,5.361702127659575,73.01587301587301
1999,Russia,15677,4.969062958474198,72.91399229781771
1999,Singapore,3024,6.084656084656085,60.86956521739131
1999,Slovakia,1426,4.067321178120617,58.620689655172406
1999,Slovenia,1113,7.637017070979335,37.64705882352941
1999,South Africa,3551,7.63165305547733,46.494464944649444
1999,South Korea,17692,5.301831336197151,30.810234541577824
1999,Spain,28795,5.4662267754818545,38.564167725540024
1999,Sweden,16332,11.03967670830272,45.75707154742096
1999,Switzerland,14319,10.34290104057546,68.7373396353815
1999,Taiwan,11738,7.931504515249617,16.219119226638025
1999,Turkey,6673,3.371796793046606,40.44444444444444
1999,United Kingdom,79417,8.901116889331,38.85981043994907
1999,United States,330291,12.02575910333615,20.017623363544814
2000,Argentina,5766,8.047173083593478,23.49137931034483
2000,Australia,25272,10.086261475150364,32.67948214986269
2000,Austria,7876,8.265617064499747,49.46236559139785
2000,Belgium,11544,8.064795564795565,49.94629430719657
2000,Canada,40552,12.273130795028605,30.560578661844485
2000,Chile,1950,5.0256410256410255,59.183673469387756
2000,China,35556,5.681178985262685,34.00990099009901
2000,Czechia,3980,7.487437185929648,39.93288590604027
2000,Denmark,8691,10.401564837187896,41.92477876106195
2000,Estonia,594,7.744107744107744,52.17391304347826
2000,Finland,9526,11.694310308629015,31.23877917414722
2000,France,60626,8.831194536997328,35.65558460963765
2000,Germany,72512,7.758715798764343,52.34624955563455
2000,Greece,6553,7.004425453990539,36.165577342047925
2000,Hungary,4274,6.668226485727656,53.68421052631579
2000,Ireland,3169,6.121804985799937,53.608247422680414
2000,Israel,11384,12.67568517217147,30.6999306999307
2000,Italy,49948,7.6719788580123325,29.27974947807933
2000,Japan,111470,7.0270027810173135,19.826375590450656
2000,Lithuania,504,4.9603174603174605,56.00000000000001
2000,Mexico,6010,6.655574043261231,40.25
2000,Netherlands,24067,10.495699505547014,37.173396674584325
2000,New Zealand,4840,7.293388429752066,49.57507082152974
2000,Norway,5498,8.475809385230994,34.97854077253219
2000,Poland,9514,4.677317637166281,52.13483146067416
2000,Portugal,3717,10.976594027441484,26.715686274509803
2000,Romania,1312,6.859756097560976,72.22222222222221
2000,Russia,16670,5.0749850029994,68.2033096926714
2000,Singapore,3763,6.324740898219505,59.2436974789916
2000,Slovakia,1466,5.38881309686221,67.08860759493672
2000,Slovenia,1442,6.51872399445215,35.1063829787234
2000,South Africa,3758,6.599254922831293,48.79032258064516
2000,South Korea,21163,5.013466899777915,27.80395852968897
2000,Spain,31503,5.755007459607022,38.27909542195256
2000,Sweden,17550,10.222222222222223,42.36343366778149
2000,Switzerland,15415,9.575089198832307,67.34417344173443
2000,Taiwan,13006,7.811779178840535,15.354330708661418
2000,Turkey,7405,3.862255232950709,33.21678321678322
2000,United Kingdom,87896,8.150541549103487,39.293690675600224
2000,United States,351780,11.753937119790777,19.88004256554126
2001,Argentina,5948,8.540685944855413,21.062992125984252
2001,Australia,26854,10.091606464586281,32.47232472324723
2001,Austria,8572,8.24778348110126,54.31400282885431
2001,Belgium,12483,8.59569013858848,56.849953401677546
2001,Canada,41519,11.259905103687469,30.459893048128343
2001,Chile,2278,6.935908691834943,63.29113924050633
2001,China,42569,5.501656134745942,37.8736122971819
2001,Czechia,4550,7.076923076923077,44.099378881987576
2001,Denmark,9056,10.534452296819788,44.23480083857442
2001,Estonia,682,5.131964809384164,68.57142857142857
2001,Finland,10025,11.042394014962593,27.19060523938573
2001,France,63122,8.762396628750674,37.208461399385286
2001,Germany,76399,7.845652430005629,50.45045045045045
2001,Greece,7390,6.035182679296346,36.09865470852018
2001,Hungary,4603,6.908537910058657,47.48427672955975
2001,Ireland,3515,6.401137980085349,46.666666666666664
2001,Israel,12378,11.12457586039748,32.752360203340594
2001,Italy,52885,7.771579843055687,28.296836982968372
2001,Japan,114168,7.018604162287156,21.639835267690003
2001,Lithuania,537,4.4692737430167595,41.66666666666667
2001,Mexico,6504,7.810578105781057,33.267716535433074
2001,Netherlands,25021,10.271372047480117,37.976653696498055
2001,New Zealand,4960,6.995967741935484,55.907780979827095
2001,Norway,5852,8.561175666438825,41.11776447105788
2001,Poland,10709,4.687645905313288,48.60557768924303
2001,Portugal,4260,10.44600938967136,36.853932584269664
2001,Romania,1308,7.110091743119266,83.87096774193549
2001,Russia,17088,4.342228464419476,76.81940700808624
2001,Singapore,4178,6.414552417424606,56.71641791044776
2001,Slovakia,1584,4.482323232323232,66.19718309859155
2001,Slovenia,1471,4.826648538409246,42.25352112676056
2001,South Africa,4045,6.402966625463535,48.26254826254826
2001,South Korea,24800,5.108870967741935,26.598263614838203
2001,Spain,34514,4.925537463058469,35.529411764705884
2001,Sweden,18786,10.438624507612051,47.9347271800102
2001,Switzerland,16423,8.999573768495402,65.2232746955345
2001,Taiwan,15183,7.060528222353948,16.791044776119403
2001,Turkey,9060,3.664459161147903,35.8433734939759
2001,United Kingdom,87420,7.946694120338595,41.61508564848136
2001,United States,364674,10.90234017231829,19.696664822174153
2002,Argentina,6863,10.05391228325805,24.92753623188406
2002,Australia,27776,10.82229262672811,33.73253493013972
2002,Austria,8914,8.593224141799416,50.391644908616186
2002,Belgium,13280,8.539156626506024,55.99647266313933
2002,Canada,43655,12.124613446340625,30.776497260532782
2002,Chile,2705,5.545286506469501,57.333333333333336
2002,China,48726,5.998850716250051,34.38248374957236
2002,Czechia,5050,7.465346534653465,42.44031830238727
2002,Denmark,9467,10.003168902503432,40.9714889123548
2002,Estonia,657,7.76255707762557,50.98039215686274
2002,Finland,10449,11.436501100583788,31.63179916317992
2002,France,65245,9.665108437428154,37.773549000951476
2002,Germany,78190,8.877094257577696,51.88013254574268
2002,Greece,8195,6.137888956680903,39.165009940357855
2002,Hungary,4588,8.326068003487357,52.617801047120416
2002,Ireland,3674,8.056614044637996,48.64864864864865
2002,Israel,12623,12.34254931474293,30.10269576379974
2002,Italy,56507,8.775903870316952,29.52208106473079
2002,Japan,119400,7.717755443886097,20.162778079218665
2002,Lithuania,740,5.675675675675676,50.0
2002,Mexico,7334,7.390237251158986,38.56088560885609
2002,Netherlands,26599,11.150795142674538,39.64935940660823
2002,New Zealand,5105,6.7776689520078355,52.89017341040463
2002,Norway,6316,9.848005066497784,44.05144694533762
2002,Poland,10987,4.878492764175844,45.7089552238806
2002,Portugal,4621,11.772343648560918,30.88235294117647
2002,Romania,1424,5.477528089887641,74.35897435897436
2002,Russia,17701,5.417773007174736,62.252346193952036
2002,Singapore,4666,6.343763394770681,55.4054054054054
2002,Slovakia,1752,4.509132420091324,63.29113924050633
2002,Slovenia,1551,5.931656995486783,39.130434782608695
2002,South Africa,4291,6.921463528315078,48.148148148148145
2002,South Korea,27440,4.930758017492711,25.72062084257206
2002,Spain,36817,5.750061113072765,39.01747756258857
2002,Sweden,19353,11.667441740298662,44.242692648361384
2002,Switzerland,17229,10.221138777642347,68.71095968199886
2002,Taiwan,16466,8.235151220697194,15.265486725663715
2002,Turkey,11559,3.079851198200536,36.79775280898877
2002,United Kingdom,90070,7.861663150882647,43.016523089959044
2002,United States,381571,11.317683995901156,21.343058932499712
2003,Argentina,6381,10.954395862717442,23.89127324749642
2003,Australia,27847,13.164793335009156,27.086743044189852
2003,Austria,9087,8.836799823924288,45.952677459526775
2003,Belgium,13009,8.863094780536551,47.701647875108414
2003,Canada,44473,13.78814111933083,25.896934116112195
2003,Chile,2657,7.452013549115543,46.464646464646464
2003,China,57304,7.388663967611336,28.814359943316013
2003,Czechia,5465,8.472095150960659,29.589632829373652
2003,Denmark,9324,10.553410553410554,36.38211382113821
2003,Estonia,751,8.5219707057257,32.8125
2003,Finland,10284,12.884091793076625,26.490566037735846
2003,France,63801,9.825864798357392,34.24788642526719
2003,Germany,77118,8.828029772556341,49.83842538190365
2003,Greece,8878,6.769542689794999,24.459234608985025
2003,Hungary,4845,6.934984520123839,45.83333333333333
2003,Ireland,3755,7.589880159786951,40.70175438596491
2003,Israel,12646,13.751383836786335,21.56411730879816
2003,Italy,58027,6.795112619987247,24.93025615013949
2003,Japan,119147,7.570480163159794,19.645232815964523
2003,Lithuania,750,5.466666666666667,39.02439024390244
2003,Mexico,7845,6.9471000637348626,32.11009174311927
2003,Netherlands,26042,10.851701098225943,33.79334748761501
2003,New Zealand,5009,8.165302455579956,53.789731051344745
2003,Norway,6174,9.928733398121153,33.931484502446985
2003,Poland,11706,5.304971809328549,42.351046698872786
2003,Portugal,5126,11.587982832618025,26.599326599326602
2003,Romania,1532,5.5483028720626635,84.70588235294117
2003,Russia,17066,5.748271416852221,61.97757390417941
2003,Singapore,5145,8.007774538386784,50.970873786407765
2003,Slovakia,1661,5.960264900662252,64.64646464646465
2003,Slovenia,1784,6.7825112107623315,25.6198347107438
2003,South Africa,4219,8.603934581654421,53.71900826446281
2003,South Korea,29371,5.222838854652548,25.749674054758803
2003,Spain,37269,5.543481177386031,37.2216844143272
2003,Sweden,18914,11.53642804271968,38.95508707607699
2003,Switzerland,16812,10.076136093266715,62.7508854781582
2003,Taiwan,18116,9.350850077279754,11.570247933884298
2003,Turkey,13502,3.303214338616501,30.94170403587444
2003,United Kingdom,89159,8.970490920714678,40.822705676419105
2003,United States,383461,11.827017610656625,19.322190862585995
2004,Argentina,6874,12.205411696246726,20.262216924910607
2004,Australia,30647,13.857800110940714,26.4421944902284
2004,Austria,9519,9.087088979934867,43.46820809248555
2004,Belgium,13862,9.78935218583177,48.71039056742815
2004,Canada,48211,13.78316151915538,24.198645598194133
2004,Chile,3194,7.952410770194114,50.78740157480315
2004,China,76753,8.249840397118028,23.010107391029692
2004,Czechia,6105,8.82882882882883,30.241187384044526
2004,Denmark,9823,11.157487529268044,35.31021897810219
2004,Estonia,892,9.753363228699552,52.87356321839081
2004,Finland,10943,13.031161473087819,24.47405329593268
2004,France,66847,10.552455607581491,32.76155372838106
2004,Germany,80873,9.136547426211468,49.99323318446339
2004,Greece,9912,5.548829701372075,27.454545454545453
2004,Hungary,5051,7.760839437735102,41.07142857142857
2004,Ireland,4579,8.27691635728325,34.300791556728235
2004,Israel,13435,14.194268701153703,22.024121657052966
2004,Italy,62608,7.283414260158446,22.45614035087719
2004,Japan,123267,7.901547048277317,19.661190965092405
2004,Lithuania,926,3.8876889848812093,55.55555555555556
2004,Mexico,8758,7.1363324960036545,33.76
2004,Netherlands,27874,11.236277534620076,32.630906768837804
2004,New Zealand,5577,8.768154922001075,49.079754601226995
2004,Norway,6822,10.803283494576371,26.187245590230663
2004,Poland,13079,5.604404006422509,47.203274215552526
2004,Portugal,5956,12.575554063129617,26.969292389853138
2004,Romania,1573,5.848696757787667,73.91304347826086
2004,Russia,17101,6.31542015086837,59.81481481481481
2004,Singapore,6119,8.955711717600916,38.86861313868613
2004,Slovakia,1846,4.333694474539545,57.49999999999999
2004,Slovenia,1748,6.464530892448512,24.778761061946902
2004,South Africa,4820,9.253112033195022,50.89686098654709
2004,South Korea,33789,5.51362869572938,24.04723564143854
2004,Spain,40265,5.741959518191978,34.03979238754326
2004,Sweden,19612,11.89577809504385,40.63437633947707
2004,Switzerland,18327,10.230807006056637,61.01333333333333
2004,Taiwan,21286,9.59785774687588,10.621634850709741
2004,Turkey,16375,3.047328244274809,25.851703406813627
2004,United Kingdom,92973,9.183311283921139,39.189505739048954
2004,United States,412018,11.960885204044484,18.672510703922406
2005,Argentina,7057,13.249256057814934,20.855614973262032
2005,Australia,32562,14.851667587985995,24.028122415219187
2005,Austria,9963,9.173943591287765,47.4835886214442
2005,Belgium,15030,9.993346640053227,44.607190412782955
2005,Canada,53312,14.914090636254501,23.720286756382844
2005,Chile,3397,9.243450103032087,43.31210191082803
2005,China,98880,9.568163430420713,18.888066800549623
2005,Czechia,6350,9.795275590551181,27.813504823151124
2005,Denmark,10263,11.117606937542629,37.86152497808939
2005,Estonia,897,7.915273132664437,25.352112676056336
2005,Finland,11280,13.404255319148936,25.462962962962965
2005,France,70820,11.72550127082745,32.129094412331405
2005,Germany,87847,9.558664496226394,49.80350125044659
2005,Greece,10977,7.133096474446569,26.053639846743295
2005,Hungary,5598,7.377634869596285,40.19370460048426
2005,Ireland,5041,8.906962904185677,40.31180400890869
2005,Israel,13764,15.36617262423714,20.37825059101655
2005,Italy,65030,7.710287559587882,24.53131232548863
2005,Japan,125511,8.388906151652046,18.472789438693134
2005,Lithuania,1035,4.444444444444445,21.73913043478261
2005,Mexico,9476,6.859434360489658,29.846153846153843
2005,Netherlands,30051,12.156001464177566,30.85135505064331
2005,New Zealand,5829,8.955223880597014,47.509578544061306
2005,Norway,7665,12.837573385518592,25.8130081300813
2005,Poland,14095,5.760908123448031,47.16748768472907
2005,Portugal,6484,13.695249845774212,27.25225225225225
2005,Romania,1704,5.809859154929577,71.71717171717171
2005,Russia,17876,6.684940702618035,56.987447698744774
2005,Singapore,6691,9.819160065759975,39.42161339421613
2005,Slovakia,1904,5.147058823529411,59.183673469387756
2005,Slovenia,2159,6.299212598425196,32.35294117647059
2005,South Africa,5050,10.376237623762377,50.38167938931297
2005,South Korea,38231,5.775417854620596,25.815217391304344
2005,Spain,43936,6.188546977421704,31.886723059948512
2005,Sweden,21215,12.623144001885459,39.096340552651235
2005,Switzerland,19278,10.8102500259363,60.31669865642995
2005,Taiwan,24073,10.331076309558426,10.213108162444714
2005,Turkey,19086,3.154144399035943,26.079734219269103
2005,United Kingdom,98492,9.662713722941966,39.770936219396866
2005,United States,435202,12.545438669859054,18.341331184292464
2006,Argentina,7964,13.623807132094425,17.142857142857142
2006,Australia,35608,15.159514715794204,24.286772878844015
2006,Austria,10404,8.217993079584774,50.29239766081871
2006,Belgium,15337,10.138879833083394,44.37299035369775
2006,Canada,57172,14.360176310081856,23.31303288672351
2006,Chile,3814,9.465128474043,38.504155124653735
2006,China,120229,10.47085145846676,17.070458336643103
2006,Czechia,7230,10.525587828492393,27.726675427069647
2006,Denmark,10876,11.290915777859507,39.00651465798045
2006,Estonia,1060,10.566037735849058,25.892857142857146
2006,Finland,12085,13.438146462556888,25.061576354679804
2006,France,74996,14.29276228065497,25.94458438287154
2006,Germany,91386,9.773925984286432,47.917599641737574
2006,Greece,12543,6.7926333413059075,22.769953051643192
2006,Hungary,5859,7.697559310462536,39.24611973392461
2006,Ireland,5526,9.337676438653638,38.17829457364341
2006,Israel,14218,14.340976227317483,21.922511034820992
2006,Italy,70389,7.9160096037733165,23.815506101938265
2006,Japan,127630,8.266081642247121,18.654028436018958
2006,Lithuania,1280,5.0,43.75
2006,Mexico,9958,6.858806989355292,33.821376281112734
2006,Netherlands,31332,12.322864802757564,32.16783216783217
2006,New Zealand,6412,9.357454772301933,45.5
2006,Norway,8542,14.762350737532193,26.090404440919908
2006,Poland,15283,5.640253876856638,45.359628770301626
2006,Portugal,7528,13.708820403825717,25.872093023255815
2006,Romania,1899,6.266456029489205,74.78991596638656
2006,Russia,17347,7.424914970888338,51.86335403726709
2006,Singapore,7185,11.092553931802367,40.025094102885824
2006,Slovakia,2165,5.681293302540415,48.78048780487805
2006,Slovenia,2176,5.606617647058823,27.86885245901639
2006,South Africa,5440,9.6875,43.833017077798864
2006,South Korea,42449,6.341727720323212,25.705794947994054
2006,Spain,48056,6.671383386049609,31.597005614472863
2006,Sweden,21815,12.94522117808847,39.58923512747876
2006,Switzerland,20574,11.028482550792262,58.219479947113264
2006,Taiwan,27395,11.699215185252783,8.736349453978159
2006,Turkey,20221,2.527075812274368,27.984344422700584
2006,United Kingdom,103080,8.971672487388437,39.9545847750865
2006,United States,456934,12.21708167919218,18.187517913442246
2007,Argentina,8495,14.608593290170688,13.21514907332796
2007,Australia,37758,15.895969066158166,21.959346884371875
2007,Austria,11213,8.659591545527514,49.22760041194645
2007,Belgium,17021,10.751424710651548,39.34426229508197
2007,Canada,61182,14.363701742342519,21.927628584433318
2007,Chile,4253,9.381612979073594,42.35588972431078
2007,China,142147,10.919681737919195,16.17703904136065
2007,Czechia,8244,11.34158175642892,20.855614973262032
2007,Denmark,11506,11.376673040152964,35.67608861726509
2007,Estonia,1242,8.051529790660226,42.0
2007,Finland,12417,13.81976322783281,24.00932400932401
2007,France,78663,17.484713270533796,20.71397411662062
2007,Germany,95407,9.727797750689152,48.001292964120246
2007,Greece,13328,6.745198079231693,22.914349276974416
2007,Hungary,6086,7.87052251068025,40.91858037578288
2007,Ireland,6312,8.982889733840304,44.26807760141093
2007,Israel,14730,14.209097080787508,20.114667940754895
2007,Italy,75289,7.677084301823639,25.069204152249135
2007,Japan,130285,8.414629466170318,19.0093952385296
2007,Lithuania,1250,4.0,38.0
2007,Mexico,11018,6.888727536758033,32.93807641633729
2007,Netherlands,33088,12.315643133462283,31.92638036809816
2007,New Zealand,6916,10.222672064777328,45.54455445544555
2007,Norway,9400,18.4468085106383,28.489042675893888
2007,Poland,16249,5.821896732106591,43.34038054968288
2007,Portugal,8319,14.520976078855632,24.089403973509935
2007,Romania,2367,6.2103929024081115,65.3061224489796
2007,Russia,18770,6.153436334576452,46.493506493506494
2007,Singapore,7637,11.169307319628127,36.22508792497069
2007,Slovakia,2359,5.553200508690123,54.961832061068705
2007,Slovenia,2396,6.7195325542570945,29.19254658385093
2007,South Africa,5767,10.941564071440958,46.90966719492869
2007,South Korea,47004,5.901625393583525,23.179524152847872
2007,Spain,51679,7.2002167224598,29.776941682343455
2007,Sweden,22597,12.70522635748108,38.592824799721356
2007,Switzerland,21466,11.627690300941023,57.171474358974365
2007,Taiwan,29859,12.016477443986737,8.807134894091416
2007,Turkey,21795,2.615278733654508,24.561403508771928
2007,United Kingdom,109595,8.643642501938958,39.480629156550194
2007,United States,477223,11.840376511609877,18.793027165737545
2008,Argentina,9212,15.707772470690404,11.886662059433311
2008,Australia,40848,16.603016059537797,22.89884989678561
2008,Austria,11801,9.19413609016185,49.03225806451613
2008,Belgium,17571,12.127938079790564,35.99249178789301
2008,Canada,64532,14.574164755470154,22.46677299308878
2008,Chile,4475,9.966480446927374,41.47982062780269
2008,China,166026,10.94406900124077,17.627958172812328
2008,Czechia,8818,11.555908369244728,21.099116781158
2008,Denmark,12039,12.202010133732037,35.26208304969367
2008,Estonia,1288,9.006211180124224,33.62068965517241
2008,Finland,12638,14.124070264282324,25.210084033613445
2008,France,82334,20.554084582311074,17.597352715239616
2008,Germany,99101,10.18254104398543,45.96174809235953
2008,Greece,13671,7.307439104674128,23.723723723723726
2008,Hungary,6358,7.942749292230261,38.01980198019802
2008,Ireland,6880,9.709302325581396,44.76047904191617
2008,Israel,14932,13.55478167693544,19.318181818181817
2008,Italy,77676,8.450486636799011,22.95856185252895
2008,Japan,131476,8.63427545711765,18.789640591966172
2008,Lithuania,1297,5.088666152659985,34.84848484848485
2008,Mexico,11636,6.325197662426952,33.83152173913043
2008,Netherlands,34549,13.366522909490868,31.030749242096146
2008,New Zealand,7375,9.179661016949153,43.279172821270315
2008,Norway,9733,18.80201376759478,19.89071038251366
2008,Poland,16529,5.3481759332083,40.27149321266968
2008,Portugal,9234,15.616200996317955,21.497919556171983
2008,Romania,2886,5.370755370755371,63.2258064516129
2008,Russia,18500,7.65945945945946,42.83697953422724
2008,Singapore,8545,11.81977764774722,39.20792079207921
2008,Slovakia,2476,6.744749596122778,54.49101796407185
2008,Slovenia,2660,7.067669172932331,35.638297872340424
2008,South Africa,6465,11.307037896365042,43.50205198358413
2008,South Korea,52965,5.990748607571037,21.084147494484714
2008,Spain,56161,8.66615622941187,24.922950482843643
2008,Sweden,22638,13.556851311953352,38.74226132290649
2008,Switzerland,22629,12.126032966547351,58.05393586005832
2008,Taiwan,33315,12.567912351793487,8.860759493670885
2008,Turkey,22543,2.422037883156634,31.5018315018315
2008,United Kingdom,110754,9.138270401069036,40.302341665843294
2008,United States,494162,12.023992132134806,18.96395031808543
2009,Argentina,9846,16.29087954499289,11.783042394014963
2009,Australia,43839,16.19790597413262,23.714969722574285
2009,Austria,12390,9.079903147699758,49.51111111111111
2009,Belgium,18561,12.994989494100533,36.359867330016584
2009,Canada,67549,14.602732830981955,22.201946472019465
2009,Chile,4872,9.954844006568145,40.41237113402062
2009,China,197438,11.196426219876619,18.63295033022709
2009,Czechia,9324,12.033462033462033,23.796791443850267
2009,Denmark,12820,11.911076443057722,36.73870333988212
2009,Estonia,1416,8.757062146892656,23.387096774193548
2009,Finland,13104,14.835164835164836,25.308641975308642
2009,France,86288,22.8467457815687,17.743735416455312
2009,Germany,104458,10.718183384709643,46.59699892818864
2009,Greece,14372,7.396326189813526,29.162746942615243
2009,Hungary,6392,7.822277847309136,39.800000000000004
2009,Ireland,7524,10.818713450292398,42.01474201474201
2009,Israel,14921,13.323503786609475,19.517102615694164
2009,Italy,81349,8.388548107536662,24.82415005861665
2009,Japan,132129,8.711940603501125,17.63530536009035
2009,Lithuania,1389,4.2476601871850255,25.423728813559322
2009,Mexico,12209,5.749856663117373,34.18803418803419
2009,Netherlands,36908,13.35753766121166,31.622718052738335
2009,New Zealand,7440,9.89247311827957,45.244565217391305
2009,Norway,10526,20.197605928177843,21.307619943555974
2009,Poland,17833,5.68608759042225,40.433925049309664
2009,Portugal,10159,16.359877940742198,22.803850782190132
2009,Romania,3222,6.052141527001862,48.205128205128204
2009,Russia,19087,8.382668832189449,38.6875
2009,Singapore,9189,12.384372619436283,43.14586994727592
2009,Slovakia,2574,6.993006993006993,48.333333333333336
2009,Slovenia,2765,6.256781193490054,21.965317919075144
2009,South Africa,6747,11.382836816362827,45.96354166666667
2009,South Korea,56729,5.857674205432847,22.810713210953956
2009,Spain,60006,9.440722594407227,24.801412180052957
2009,Sweden,23718,13.900834809005818,40.248710949347895
2009,Switzerland,23649,12.068163558712843,53.22354590049054
2009,Taiwan,35623,13.061785924823848,8.575112830431978
2009,Turkey,22819,2.2700381261229676,31.08108108108108
2009,United Kingdom,114955,9.437606019746859,42.96248502166098
2009,United States,509378,11.617894765773158,20.679632977914466
2010,Argentina,10633,17.445687952600395,15.579514824797844
2010,Australia,46461,16.20929381631906,22.71942637099987
2010,Austria,13067,9.221703527971226,54.93775933609959
2010,Belgium,19299,12.865951603710037,36.08538058799839
2010,Canada,69770,14.210978930772539,23.49974785678265
2010,Chile,5480,9.708029197080293,35.338345864661655
2010,China,228169,11.017272285016807,19.663457713421913
2010,Czechia,10429,11.48719915619906,21.786310517529213
2010,Denmark,13738,12.731110787596448,37.62149799885649
2010,Estonia,1592,9.484924623115578,31.788079470198678
2010,Finland,13361,14.190554599206646,27.004219409282697
2010,France,88548,24.122509825179563,17.130149812734082
2010,Germany,109280,10.975475841874086,43.621810905452726
2010,Greece,14175,7.0476190476190474,30.73073073073073
2010,Hungary,6360,8.459119496855346,39.21933085501858
2010,Ireland,8293,9.911973953937055,41.119221411192214
2010,Israel,15157,13.069868707527874,19.687026754164563
2010,Italy,82186,8.573236317621006,24.283281294351404
2010,Japan,129628,9.03354213595828,18.24935952177626
2010,Lithuania,1383,4.483007953723789,40.32258064516129
2010,Mexico,12932,5.389730900092793,37.15925394548063
2010,Netherlands,38752,13.39027663088357,33.860088649065325
2010,New Zealand,8155,9.074187614960147,43.37837837837838
2010,Norway,11127,20.40082681765076,18.94273127753304
2010,Poland,18319,5.491566133522572,34.1948310139165
2010,Portugal,11027,16.876757050875124,24.341751746372918
2010,Romania,3586,5.828220858895705,45.933014354066984
2010,Russia,19057,10.148501862832555,33.143743536711476
2010,Singapore,10007,11.811731787748576,44.67005076142132
2010,Slovakia,2605,7.024952015355086,51.36612021857923
2010,Slovenia,2751,7.051981097782624,25.257731958762886
2010,South Africa,7239,11.603812681309574,46.19047619047619
2010,South Korea,60538,6.070567247018402,22.93877551020408
2010,Spain,63373,10.201505372950626,24.300077339520495
2010,Sweden,24041,13.464498148995466,40.87117701575533
2010,Switzerland,24631,12.6994437903455,52.33375959079284
2010,Taiwan,37988,13.114667789828365,7.988759534323566
2010,Turkey,23093,1.90533928030139,40.909090909090914
2010,United Kingdom,118400,9.136824324324325,45.66463301904234
2010,United States,526492,11.175668386224293,22.306633355427522
2011,Argentina,11459,17.933502050789773,9.635036496350365
2011,Australia,50320,18.014705882352942,23.474903474903474
2011,Austria,14202,9.956344176876495,56.647807637906645
2011,Belgium,20594,13.70787608041177,37.44243712362735
2011,Canada,73619,15.622325758296093,24.432658029736544
2011,Chile,5930,10.26981450252951,33.497536945812804
2011,China,267988,10.961684851560518,20.128676470588236
2011,Czechia,10896,11.407856093979442,22.52614641995173
2011,Denmark,15474,13.073542716815304,37.765694513099355
2011,Estonia,1590,11.823899371069183,33.51063829787234
2011,Finland,14161,15.111927123790691,28.177570093457945
2011,France,93722,26.35560487398903,15.748350269219868
2011,Germany,116325,11.551257253384913,44.161643223933915
2011,Greece,14673,7.70803516663259,32.09549071618037
2011,Hungary,6874,8.306662787314519,41.33099824868651
2011,Ireland,8944,10.901162790697674,47.48717948717949
2011,Israel,15773,13.719647498890508,19.593345656192238
2011,Italy,85624,9.104923853125293,25.782452539763984
2011,Japan,135033,9.106662815756149,18.10197609172969
2011,Lithuania,1691,4.139562389118864,37.142857142857146
2011,Mexico,13752,6.100930773705643,36.23361144219309
2011,Netherlands,41425,14.64091732045866,33.9159109645507
2011,New Zealand,8743,10.511266155781767,45.15778019586507
2011,Norway,12376,20.903361344537817,20.25512176265945
2011,Poland,20099,5.726653067316781,33.97046046915725
2011,Portugal,12223,18.52245766178516,21.952296819787986
2011,Romania,4053,6.612385886997287,44.40298507462687
2011,Russia,20620,11.197866149369544,26.93806842789086
2011,Singapore,11017,12.852863756013432,39.40677966101695
2011,Slovakia,2864,7.192737430167598,46.116504854368934
2011,Slovenia,3033,7.583250906693043,29.565217391304348
2011,South Africa,7871,12.857324355228053,45.8498023715415
2011,South Korea,66005,6.531323384592076,22.848527023892366
2011,Spain,69493,11.04715582864461,23.993747557639704
2011,Sweden,25666,13.874386347697342,41.75793316484134
2011,Switzerland,26807,13.395754840153693,52.269562795878585
2011,Taiwan,41190,14.102937606215102,7.660526768807023
2011,Turkey,24530,2.229922543823889,39.122486288848265
2011,United Kingdom,124588,10.266638841621987,45.172386834493
2011,United States,559515,12.14945086369445,22.535231986819266
2012,Argentina,12426,18.02671817157573,11.339285714285714
2012,Australia,54528,18.729826877934272,22.911974933907764
2012,Austria,14596,10.50287750068512,53.03326810176125
2012,Belgium,22200,14.265765765765764,36.406694032207135
2012,Canada,77716,15.830716969478614,24.059172559538325
2012,Chile,6694,11.36838960262922,35.34822601839684
2012,China,322237,10.667614209417293,19.944727272727274
2012,Czechia,11522,12.740843603541052,21.185286103542232
2012,Denmark,16814,12.923754014511715,34.37643810400368
2012,Estonia,1653,10.526315789473683,30.45977011494253
2012,Finland,14781,16.122048575874434,27.27654217373059
2012,France,97535,28.427743886809864,15.392938291196307
2012,Germany,123218,11.890308234186564,42.536345641935704
2012,Greece,14374,8.049255600389591,32.67070008643042
2012,Hungary,7233,8.779206415042168,37.95275590551181
2012,Ireland,9351,11.870388193776067,40.99099099099099
2012,Israel,16498,14.535095163050066,18.765638031693076
2012,Italy,90733,9.12016576107921,27.806646525679756
2012,Japan,137572,9.144302619719129,18.505564387917328
2012,Lithuania,1759,5.059693007390563,40.44943820224719
2012,Mexico,15470,5.72721396250808,33.06997742663657
2012,Netherlands,43665,14.892934844841408,34.35337536521605
2012,New Zealand,9279,11.26198943851708,42.00956937799043
2012,Norway,12873,22.053911287190243,20.852412821415992
2012,Poland,22268,5.370935872103467,31.8561872909699
2012,Portugal,14046,18.952014808486403,23.59128474830954
2012,Romania,4577,6.947782390211929,36.477987421383645
2012,Russia,20983,13.105847590906924,25.781818181818185
2012,Singapore,11947,14.54758516782456,37.39930955120829
2012,Slovakia,3083,6.35744404800519,47.95918367346938
2012,Slovenia,3046,8.174655285620485,37.34939759036144
2012,South Africa,8645,12.4117987275882,44.73438956197577
2012,South Korea,71595,6.693204832739716,21.57762938230384
2012,Spain,74483,11.915470644308098,23.853521126760562
2012,Sweden,27181,14.524851918619625,39.94427558257346
2012,Switzerland,28868,15.671331578218094,53.0946065428824
2012,Taiwan,41781,14.95416576912951,8.018565941101151
2012,Turkey,26293,2.586239683565968,39.26470588235294
2012,United Kingdom,132181,10.972076168284397,44.942425705026544
2012,United States,584825,12.364553498909931,22.72544979325414
2013,Argentina,12836,18.751947647242133,8.973826339842127
2013,Australia,60886,19.31971224912131,23.395392331888125
2013,Austria,15434,10.101075547492549,52.982681205901216
2013,Belgium,23742,16.026451015078763,36.29434954007885
2013,Canada,81457,15.888137299434057,24.33936022253129
2013,Chile,7027,11.541198235377829,38.71763255240444
2013,China,391364,10.568933269283837,20.390203805333268
2013,Czechia,12250,13.591836734693876,20.42042042042042
2013,Denmark,18156,14.166115884556069,38.06376360808709
2013,Estonia,2008,10.856573705179283,40.36697247706422
2013,Finland,15316,15.891877774875946,27.937551355792934
2013,France,102044,29.093332288032613,14.824171382376718
2013,Germany,129514,12.38476149296601,40.236907730673316
2013,Greece,14852,8.429841098841907,36.5814696485623
2013,Hungary,7608,9.555730809674028,34.66299862448418
2013,Ireland,9954,12.226240707253364,41.65981922760887
2013,Israel,16748,15.112252209219012,18.21414460687475
2013,Italy,97065,9.487456858805956,27.97263546530568
2013,Japan,142823,9.222604202404375,18.53173398117218
2013,Lithuania,1921,5.153565851119208,36.36363636363637
2013,Mexico,16737,5.861265459759814,33.02752293577982
2013,Netherlands,46012,15.028688168303923,34.01301518438178
2013,New Zealand,9326,11.366073343341197,44.528301886792455
2013,Norway,13346,21.969129327139218,19.406548431105048
2013,Poland,25148,5.650548751391761,33.497536945812804
2013,Portugal,15809,20.393446770826746,22.146401985111662
2013,Romania,5457,7.806487080813635,33.80281690140845
2013,Russia,22960,15.41376306620209,22.85956484882735
2013,Singapore,13171,15.73153139473085,39.81660231660232
2013,Slovakia,3349,7.2558972827709765,46.913580246913575
2013,Slovenia,3398,8.034137728075338,29.67032967032967
2013,South Africa,9481,13.98586646978167,48.19004524886878
2013,South Korea,76525,7.256452139823587,21.844048262200612
2013,Spain,78887,12.715656572058768,24.354501046755058
2013,Sweden,29224,14.956884752258418,39.30450697780829
2013,Switzerland,30283,15.98916884060364,52.0033044196613
2013,Taiwan,43563,15.05865068980557,8.262195121951219
2013,Turkey,28121,2.3221080331424915,41.04134762633997
2013,United Kingdom,138893,11.631255714830841,43.905911482513154
2013,United States,610644,12.480102973254466,23.055019748323687
2014,Argentina,13059,19.51144804349491,10.75353218210361
2014,Australia,64937,19.685233380045275,23.92239693342721
2014,Austria,16283,10.790394890376467,51.16676152532727
2014,Belgium,24615,16.522445663213485,37.49692648143595
2014,Canada,84531,16.55014136825543,24.26733380986419
2014,Chile,8181,12.150103899278816,37.82696177062374
2014,China,461741,10.48986336496001,20.150301428689403
2014,Czechia,13828,13.44373734451837,22.270037654653038
2014,Denmark,19526,14.263033903513264,37.27109515260324
2014,Estonia,2127,11.377527033380348,40.49586776859504
2014,Finland,16304,17.063297350343472,29.331416247304098
2014,France,104712,30.281152112460845,14.986754131449477
2014,Germany,135312,12.859908951164718,38.377104764094014
2014,Greece,14665,8.312308216842823,38.63822805578343
2014,Hungary,7981,10.988597920060144,29.304446978335235
2014,Ireland,9912,13.075060532687651,40.74074074074074
2014,Israel,17875,15.401398601398602,17.290228841264074
2014,Italy,100329,9.581476940864556,26.7450327681265
2014,Japan,142985,9.143616463265378,17.745143031971853
2014,Lithuania,2335,5.310492505353319,25.0
2014,Mexico,18591,5.879188854822226,33.3028362305581
2014,Netherlands,47123,15.217621968041083,36.08980616371496
2014,New Zealand,9705,11.911385883565174,42.90657439446367
2014,Norway,14128,22.515571913929787,21.87991197736561
2014,Poland,27758,5.241732113264645,36.21993127147766
2014,Portugal,16821,20.93216812317936,22.124396478273216
2014,Romania,5626,8.478492712406684,33.75262054507338
2014,Russia,25993,17.32004770515139,17.992003553976012
2014,Singapore,14242,16.324954360342648,38.15053763440861
2014,Slovakia,3795,6.772068511198946,45.525291828793776
2014,Slovenia,3521,7.725078102811701,31.985294117647058
2014,South Africa,10520,14.429657794676807,45.98155467720685
2014,South Korea,81655,7.703141265078685,19.220985691573926
2014,Spain,82143,13.298759480418296,24.478213108751373
2014,Sweden,30585,15.262383521333986,39.353041988003426
2014,Switzerland,32069,15.675574542392964,47.62283668191765
2014,Taiwan,43497,15.759707566039038,8.329686360320935
2014,Turkey,30381,2.669431552615121,37.36128236744759
2014,United Kingdom,142033,12.39078242380292,41.40007954997443
2014,United States,629035,12.642221815956187,22.671143302650773
2015,Argentina,13640,19.64076246334311,9.966405375139978
2015,Australia,68333,20.312294206313204,24.812680115273775
2015,Austria,16695,11.458520515124288,51.071615263983276
2015,Belgium,25222,16.957418127031957,37.15220949263502
2015,Canada,86695,17.09095103523848,22.575420125531483
2015,Chile,8846,12.819353380058784,36.860670194003525
2015,China,516969,10.758865618634774,20.037756202804747
2015,Czechia,14345,14.695015684907634,20.73055028462998
2015,Denmark,20520,14.917153996101366,36.98137863443319
2015,Estonia,2117,11.903637222484647,44.047619047619044
2015,Finland,16337,16.888045540796963,30.22834360275462
2015,France,106165,30.939575189563417,14.938959417907267
2015,Germany,137701,13.182910799485843,37.525477882443674
2015,Greece,14116,8.918957211674696,39.793486894360605
2015,Hungary,8056,10.948361469712015,34.58049886621315
2015,Ireland,9950,13.507537688442211,35.19345238095239
2015,Israel,18301,15.939019725698051,19.95200548508742
2015,Italy,102570,10.485522082480257,27.233844723384472
2015,Japan,139678,9.750998725640402,18.355359765051396
2015,Lithuania,2624,4.954268292682927,30.0
2015,Mexico,19832,6.217224687373941,31.873479318734795
2015,Netherlands,48448,15.730267503302509,36.55688229891091
2015,New Zealand,10315,12.331555986427531,43.00314465408805
2015,Norway,14576,23.415203073545555,20.421916202754176
2015,Poland,30266,5.719288971122713,33.16002310803004
2015,Portugal,17345,22.70971461516287,21.731403909621733
2015,Romania,5980,8.762541806020067,24.427480916030532
2015,Russia,29906,18.50130408613656,16.085306343755647
2015,Singapore,14599,17.508048496472362,36.267605633802816
2015,Slovakia,4033,7.860153731713365,42.27129337539432
2015,Slovenia,3620,8.425414364640885,33.77049180327869
2015,South Africa,11227,15.008461744009976,46.17210682492582
2015,South Korea,84869,8.096006786930445,18.54169698733809
2015,Spain,83317,13.920328384363334,24.35764787032247
2015,Sweden,31344,15.894589076059216,40.0040144520273
2015,Switzerland,32837,15.985016901665805,46.27548104400838
2015,Taiwan,41580,16.738816738816737,7.974137931034483
2015,Turkey,31727,2.8461562706842756,40.08859357696567
2015,United Kingdom,146050,12.651146867511127,42.5556096768956
2015,United States,640914,12.912028758928654,23.023382272974445
2016,Argentina,14158,20.370108772425482,9.43134535367545
2016,Australia,70932,20.86646365533187,24.761840416188097
2016,Austria,17136,11.542950513538749,53.03336703741153
2016,Belgium,26159,17.244542987117246,36.64375969851474
2016,Canada,87659,17.51103708689353,23.452768729641694
2016,Chile,9860,12.251521298174442,37.58278145695364
2016,China,570950,10.983098344863823,19.837979205205077
2016,Czechia,15549,15.004180333140397,21.56022288898414
2016,Denmark,21430,15.179654689687355,36.67383953273901
2016,Estonia,2125,12.941176470588237,48.0
2016,Finland,16638,17.87474456064431,30.26227303295225
2016,France,107561,29.191807439499446,16.350839198700594
2016,Germany,139770,13.669600057236888,36.794724170417666
2016,Greece,14297,9.155766944114148,39.19022154316272
2016,Hungary,8606,12.06135254473623,29.47976878612717
2016,Ireland,10290,13.177842565597667,39.08554572271387
2016,Israel,19089,16.700717690816703,18.914680050188206
2016,Italy,105732,10.65051261680475,26.747180534588406
2016,Japan,139917,9.728624827576349,18.505730238025272
2016,Lithuania,2528,4.2325949367088604,33.64485981308411
2016,Mexico,21882,6.0186454620235805,32.95368261199697
2016,Netherlands,49807,15.65241833477222,36.50590046177527
2016,New Zealand,10401,12.008460724930295,42.43394715772618
2016,Norway,15189,23.971295016130096,20.763526503707773
2016,Poland,32082,5.2989215136213454,36.470588235294116
2016,Portugal,18013,23.155498806417587,21.985135459122514
2016,Romania,6587,9.366934871717019,25.44570502431118
2016,Russia,32087,19.063795306510425,15.203531142717019
2016,Singapore,14782,18.06250845623055,34.41947565543071
2016,Slovakia,4167,7.127429805615551,42.42424242424242
2016,Slovenia,3654,10.782703886152161,28.17258883248731
2016,South Africa,12411,15.671581661429377,45.08997429305913
2016,South Korea,85466,8.846792876699507,16.651236608914168
2016,Spain,85690,14.210526315789473,22.895622895622896
2016,Sweden,32127,16.858094437700377,40.84194977843427
2016,Switzerland,34041,15.97485385270703,47.26002206693637
2016,Taiwan,40496,17.184413275385225,8.506969392154046
2016,Turkey,33365,2.8562865277985914,44.49108079748164
2016,United Kingdom,150146,13.175842180277863,40.52974776323106
2016,United States,649111,13.017958407729957,22.51452645530822
2017,Argentina,14599,21.50832248784163,8.694267515923567
2017,Australia,72917,21.606758369104597,24.792129482703903
2017,Austria,17595,11.230463199772663,53.79554655870445
2017,Belgium,26168,17.987618465301132,36.668791162099
2017,Canada,90365,18.077795606706136,23.347208619000977
2017,Chile,10405,13.541566554541088,34.705464868701206
2017,China,645370,11.58498225823946,19.427279779578953
2017,Czechia,15877,15.550796750015747,20.291616038882136
2017,Denmark,22188,15.431764917973679,35.71845794392524
2017,Estonia,2076,11.897880539499036,51.821862348178136
2017,Finland,16639,18.204219003545884,31.726642456256187
2017,France,108856,26.31458073050636,18.74672717751789
2017,Germany,142811,13.772748597797088,36.90070669581575
2017,Greece,14368,9.39587973273942,38.51851851851852
2017,Hungary,8786,11.973594354655132,28.80228136882129
2017,Ireland,10554,13.255637672920221,39.95711222301644
2017,Israel,19281,18.048856387116853,17.844827586206897
2017,Italy,106415,10.88850256072922,25.994649175800465
2017,Japan,142831,9.70937681595732,19.19526968560715
2017,Lithuania,2618,4.125286478227655,35.18518518518518
2017,Mexico,23636,6.134709764765612,32.827586206896555
2017,Netherlands,49922,16.07107087055807,37.06842826872741
2017,New Zealand,10574,11.72687724607528,41.935483870967744
2017,Norway,16081,23.450034201853118,21.37364094404667
2017,Poland,33076,5.408755593179344,36.27724986025713
2017,Portugal,18176,23.84463028169014,19.635440701430547
2017,Romania,6410,8.611544461778472,27.173913043478258
2017,Russia,34911,19.37211767064822,15.555226970279461
2017,Singapore,15264,17.68867924528302,34.11111111111111
2017,Slovakia,4467,7.230803671367808,43.962848297213625
2017,Slovenia,3676,10.527747551686616,24.8062015503876
2017,South Africa,12980,16.386748844375962,46.77950164551011
2017,South Korea,87092,9.051347999816286,16.70683749841431
2017,Spain,88059,14.712862966874482,22.846557579499844
2017,Sweden,32414,17.736163386191155,39.45033918942425
2017,Switzerland,35671,16.76992514928093,46.35573386827148
2017,Taiwan,39054,18.36943718953244,8.851407861722887
2017,Turkey,30326,3.1359229703884455,45.74132492113564
2017,United Kingdom,154402,13.638424372741287,39.756862000189955
2017,United States,663363,12.982635449972339,22.502960915909988
2018,Argentina,15912,23.479135243841124,8.32441113490364
2018,Australia,76968,22.678255898555243,25.12747063878545
2018,Austria,18542,11.99978427354115,52.31460674157303
2018,Belgium,26828,18.659609363351723,35.537355173791454
2018,Canada,93191,18.191670869504566,23.612339998820268
2018,Chile,11359,13.355048859934854,35.72841133816744
2018,China,754149,11.965274766657517,18.847245001994768
2018,Czechia,16751,16.29156468270551,21.72957127152803
2018,Denmark,23073,16.538811597971655,36.766247379454924
2018,Estonia,2155,11.22969837587007,56.611570247933884
2018,Finland,16882,18.836630730956045,31.19496855345912
2018,France,109812,24.488216224092085,20.263285113978654
2018,Germany,146145,14.8051592596394,34.61200720987198
2018,Greece,15124,9.177466278762232,35.73487031700288
2018,Hungary,9212,13.069908814589665,28.820598006644516
2018,Ireland,11189,14.380194834212173,35.922933499067746
2018,Israel,20318,18.082488433900977,16.33097441480675
2018,Italy,110252,11.318615535319088,25.899511178780347
2018,Japan,146242,9.792672419687914,19.726276098037847
2018,Lithuania,2879,4.897533865925668,37.5886524822695
2018,Mexico,25954,6.288048085073592,31.924019607843135
2018,Netherlands,52443,16.168030051675153,38.35357943153674
2018,New Zealand,11116,12.44152572867938,41.07013738250181
2018,Norway,16688,23.88542665388303,22.478675363773206
2018,Poland,35678,5.501990021862212,36.57666836474783
2018,Portugal,18796,25.037241966375824,20.56948576285593
2018,Romania,6793,9.068158398351244,27.5974025974026
2018,Russia,38393,19.485322845310343,15.880229915786659
2018,Singapore,16339,18.20796866393292,35.66386554621849
2018,Slovakia,4650,7.204301075268817,43.28358208955223
2018,Slovenia,3717,11.407048695184288,23.11320754716981
2018,South Africa,13761,16.77203691592181,47.270363951473136
2018,South Korea,89889,8.929902435225667,17.628005481499937
2018,Spain,90936,15.44052960323744,21.187949576241007
2018,Sweden,33308,18.046715503782877,38.479454333721506
2018,Switzerland,36729,16.779656402297913,45.31883822813565
2018,Taiwan,39809,18.646537215202592,9.05294355381921
2018,Turkey,30414,3.439205628986651,43.59464627151052
2018,United Kingdom,160423,14.270397636249166,39.61036124579566
2018,United States,685067,13.176229478284608,22.31072607626349
2019,Argentina,16086,23.573293547183887,7.9641350210970465
2019,Australia,83101,22.384808847065617,25.271476185356413
2019,Austria,19293,12.185766858446069,50.233943002977455
2019,Belgium,27284,19.498607242339833,34.02255639097744
2019,Canada,99495,18.133574551484998,23.17924842035251
2019,Chile,12469,13.401235062956133,33.034111310592465
2019,China,897332,11.966585388685571,17.87856211585025
2019,Czechia,17734,16.70801849554528,21.329733378332772
2019,Denmark,24042,17.623325846435407,33.514278970970025
2019,Estonia,2251,11.328298533984896,56.07843137254902
2019,Finland,17639,19.23578434151596,31.741821396993814
2019,France,111070,22.6343747186459,20.48926014319809
2019,Germany,152675,14.921892909775666,33.44306908963217
2019,Greece,15690,9.260675589547482,37.99036476256022
2019,Hungary,9581,13.923390042793027,25.187406296851574
2019,Ireland,12132,14.465875370919882,34.52991452991453
2019,Israel,21589,17.89337162443837,15.764949521097593
2019,Italy,114949,12.01750341455776,24.344867525698564
2019,Japan,148584,9.854358477359607,20.53681191094113
2019,Lithuania,3163,4.552639898830224,42.36111111111111
2019,Mexico,28689,6.138241137718289,29.415105053946622
2019,Netherlands,54684,16.06868553873162,37.72618641174462
2019,New Zealand,11833,12.701766246936533,38.456420492348634
2019,Norway,18042,23.234674648043455,22.447519083969468
2019,Poland,38823,5.143858022306365,39.15873810716074
2019,Portugal,20490,24.533918984870667,18.241495922021087
2019,Romania,7990,8.773466833541928,27.81740370898716
2019,Russia,41381,19.6781131437133,15.387449342993984
2019,Singapore,16866,19.2102454642476,34.47530864197531
2019,Slovakia,4678,7.952116289012398,44.086021505376344
2019,Slovenia,3981,12.660135644310474,20.238095238095237
2019,South Africa,14818,16.486705358347955,46.62300450266066
2019,South Korea,94839,9.235651999704762,16.805571412261674
2019,Spain,97506,15.701597850388694,19.908556499020246
2019,Sweden,34594,19.150719777996184,37.04150943396227
2019,Switzerland,38559,17.360408724292643,43.486704511502836
2019,Taiwan,41654,18.965765592740194,9.518987341772151
2019,Turkey,33268,3.471804737285079,41.904761904761905
2019,United Kingdom,169785,14.245663633418735,39.50055815107289
2019,United States,716900,12.873622541498117,21.528643096293244
